,메밀미숫가루,아메리카노 HOT,아메리카노 ICE,현미뻥스크림,카페라떼 ICE
메밀미숫가루,1.0,0.5699253925162535,0.9068887452291658,0.8917890813136871,0.8465368093121693
아메리카노 HOT,0.5699253925162535,1.0,0.42840843237621873,0.5446004615659749,0.46406334448523007
아메리카노 ICE,0.9068887452291658,0.42840843237621873,1.0,0.8400732959369553,0.9398037019933291
현미뻥스크림,0.8917890813136871,0.5446004615659749,0.8400732959369553,1.0,0.8092972966483271
카페라떼 ICE,0.8465368093121693,0.46406334448523007,0.9398037019933291,0.8092972966483271,1.0
